0,1,2,3,4,5
1,Petroleum Engineering,Bachelors,"$92,300","$182,000",69%
2,Electrical Engineering & Computer Science (EECS),Bachelors,"$101,200","$152,300",46%
3,Applied Economics and Management,Bachelors,"$60,900","$139,600",67%
3,Operations Research,Bachelors,"$78,400","$139,600",52%
5,Public Accounting,Bachelors,"$60,000","$138,800",49%
6,Chemical Engineering/Materials Science & Engineering,Bachelors,"$74,500","$137,800",60%
7,Quantitative Business Analysis,Bachelors,"$67,900","$136,200",55%
8,Pharmacy,Bachelors,"$66,300","$133,200",79%
9,Aeronautics & Astronautics,Bachelors,"$74,000","$133,100",60%
10,Systems Engineering,Bachelors,"$74,000","$132,900",54%
11,Electrical Power Engineering,Bachelors,"$73,100","$130,700",67%
12,Actuarial Mathematics,Bachelors,"$61,900","$130,500",50%
13,Aerospace Studies,Bachelors,"$50,300","$130,300",-
14,Chemical Engineering,Bachelors,"$73,500","$128,900",56%
15,Actuarial Science,Bachelors,"$64,700","$128,700",42%
16,Information & Computer Science,Bachelors,"$70,300","$127,600",60%
17,Aeronautical Engineering,Bachelors,"$71,600","$125,900",64%
18,Operations & Information Systems Management,Bachelors,"$63,800","$125,100",31%
18,Political Economy,Bachelors,"$58,200","$125,100",34%
20,Marine Engineering,Bachelors,"$74,700","$125,000",64%
21,Computer Systems Engineering,Bachelors,"$74,600","$124,800",49%
22,Nuclear Engineering,Bachelors,"$73,100","$124,500",63%
23,Computer Science (CS) & Engineering,Bachelors,"$74,000","$124,000",44%
24,Corporate Accounting & Finance,Bachelors,"$61,200","$123,600",57%
25,Electrical & Computer Engineering (ECE),Bachelors,"$73,900","$123,300",49%
26,Computer Engineering (CE),Bachelors,"$74,600","$123,200",46%
27,Econometrics,Bachelors,"$60,700","$123,000",30%
28,Building Science,Bachelors,"$51,100","$122,500",51%
29,Mechatronics,Bachelors,"$70,200","$122,300",47%
30,Quantitative Economics,Bachelors,"$62,000","$121,900",45%
31,Foreign Affairs,Bachelors,"$52,200","$121,800",40%
31,Welding Engineering,Bachelors,"$76,900","$121,800",44%
33,Economics and Mathematics,Bachelors,"$65,000","$121,400",33%
33,Electrical Engineering (EE),Bachelors,"$71,800","$121,400",55%
35,Cognitive Science,Bachelors,"$64,100","$121,100",41%
35,Control Engineering,Bachelors,"$69,900","$121,100",63%
37,Geophysics,Bachelors,"$56,900","$120,600",46%
37,Pharmacology,Bachelors,"$55,000","$120,600",71%
39,Instrumentation & Control Engineering,Bachelors,"$69,000","$120,500",-
40,Computational & Applied Mathematics,Bachelors,"$69,700","$120,100",43%
40,Marine Transportation Management,Bachelors,"$67,800","$120,100",47%
42,Aerospace Engineering,Bachelors,"$70,700","$119,800",57%
43,Ocean Engineering (OE),Bachelors,"$65,100","$119,700",51%
44,Astronomy,Bachelors,"$54,300","$119,600",39%
44,Mechanical & Aeronautical Engineering,Bachelors,"$66,900","$119,600",60%
46,Chemical & Biomolecular Engineering,Bachelors,"$74,000","$118,700",48%
47,Computer Science (CS) & Mathematics,Bachelors,"$66,800","$118,500",43%
48,Bioscience,Bachelors,"$48,400","$118,300",-
49,Electrical & Electronics Engineering (EEE),Bachelors,"$71,300","$118,100",55%
50,Metallurgical Engineering,Bachelors,"$79,100","$117,700",55%
51,Aeronautical/Aerospace Engineering Technology,Bachelors,"$73,400","$117,500",58%
51,Materials Engineering,Bachelors,"$69,100","$117,500",48%
53,Accounting & Economics,Bachelors,"$61,600","$117,400",43%
54,Industrial & Systems Engineering,Bachelors,"$69,900","$117,300",49%
55,Optical Science & Engineering,Bachelors,"$67,600","$117,100",65%
56,Computer Science (CS),Bachelors,"$70,700","$116,500",42%
57,Biomedical Engineering (BME),Bachelors,"$67,700","$116,300",72%
58,Materials Science,Bachelors,"$62,700","$116,200",-
59,Electronics & Communications Engineering,Bachelors,"$61,500","$116,100",55%
59,Mining Engineering,Bachelors,"$75,200","$116,100",70%
61,Engineering,Bachelors,"$66,500","$116,000",59%
62,Applied Mathematics,Bachelors,"$64,400","$115,500",39%
62,Integrated Science & Technology,Bachelors,"$62,500","$115,500",56%
64,Petroleum Land Management,Bachelors,"$60,600","$115,400",70%
65,Bioengineering (BioE),Bachelors,"$67,400","$115,000",67%
66,Software Engineering,Bachelors,"$71,100","$114,700",42%
67,Operations Management & Information Systems,Bachelors,"$61,900","$114,500",39%
68,Statistics,Bachelors,"$63,700","$114,400",42%
69,Business Analysis,Bachelors,"$59,200","$114,300",49%
69,Computer & Information Science,Bachelors,"$60,100","$114,300",55%
71,Physics,Bachelors,"$62,300","$113,800",49%
72,Physics & Mathematics,Bachelors,"$61,500","$113,600",47%
73,Physics & Astronomy,Bachelors,"$54,000","$112,900",43%
74,Construction Engineering Management,Bachelors,"$64,800","$112,700",55%
75,Physician Assistant Studies,Bachelors,"$92,900","$112,200",86%
76,Mechanical Engineering (ME),Bachelors,"$67,600","$111,500",51%
77,Industrial Engineering (IE),Bachelors,"$68,300","$111,400",45%
78,Entrepreneurship & Marketing,Bachelors,"$48,500","$111,100",49%
78,Engineering Science,Bachelors,"$64,700","$111,100",45%
78,International Business & Finance,Bachelors,"$57,700","$111,100",42%
78,Materials Science & Engineering,Bachelors,"$69,200","$111,100",47%
82,Ceramic Engineering,Bachelors,"$66,300","$110,900",45%
82,International Economics,Bachelors,"$54,600","$110,900",49%
84,Information & Decision Sciences,Bachelors,"$60,600","$110,800",37%
85,Finance & Marketing,Bachelors,"$53,400","$110,700",45%
86,Telecommunications Engineering,Bachelors,"$59,800","$110,600",43%
87,Business & Economics,Bachelors,"$56,800","$110,500",44%
88,Mathematics & Statistics,Bachelors,"$59,800","$110,000",42%
89,Paper Science,Bachelors,"$72,400","$109,900",38%
90,Electronics Engineering,Bachelors,"$67,600","$109,700",61%
90,Engineering Physics,Bachelors,"$66,700","$109,700",48%
90,Industrial Distribution,Bachelors,"$60,700","$109,700",49%
93,Economics,Bachelors,"$58,200","$109,400",41%
94,Energy Management,Bachelors,"$64,000","$109,200",66%
94,Structural Engineering (SE),Bachelors,"$64,300","$109,200",66%
96,Managerial Economics,Bachelors,"$61,500","$109,100",41%
97,Automotive Engineering,Bachelors,"$60,500","$108,700",-
97,Business & Information Technology (IT),Bachelors,"$58,200","$108,700",46%
97,Japanese Language,Bachelors,"$50,000","$108,700",41%
100,Japanese Studies,Bachelors,"$49,200","$108,500",22%
101,Finance & Economics,Bachelors,"$59,800","$108,100",42%
102,Management Information Systems (MIS),Bachelors,"$61,200","$107,800",43%
103,Pharmaceutical Sciences (PS),Bachelors,"$50,200","$107,700",69%
104,Mechanical,Bachelors,"$66,800","$107,600",55%
105,Applied Physics,Bachelors,"$63,800","$107,500",56%
105,Information Management,Bachelors,"$61,300","$107,500",42%
107,Aeronautical Science & Engineering,Bachelors,"$54,300","$107,100",63%
108,Construction Project Management,Bachelors,"$57,400","$107,000",59%
108,Packaging Science,Bachelors,"$66,800","$107,000",37%
110,Industrial Engineering & Management,Bachelors,"$63,200","$106,900",57%
111,Asian Studies,Bachelors,"$44,000","$106,400",39%
111,Management Science,Bachelors,"$60,500","$106,400",41%
113,Accounting & Taxation,Bachelors,"$53,300","$105,700",43%
114,Manufacturing Engineering,Bachelors,"$65,800","$105,600",48%
115,Astrophysics,Bachelors,"$64,100","$105,400",65%
116,Engineering Management,Bachelors,"$65,800","$105,200",55%
117,Business Economics,Bachelors,"$54,900","$105,100",42%
117,Information Sciences and Technology,Bachelors,"$60,700","$105,100",40%
119,Information Systems Management,Bachelors,"$57,600","$104,800",44%
120,Finance & Investments,Bachelors,"$60,500","$104,400",41%
121,Environmental Health & Safety Management,Bachelors,"$58,300","$104,200",64%
121,Rhetoric,Bachelors,"$49,400","$104,200",46%
121,Strategic Management,Bachelors,"$62,800","$104,200",45%
124,Robotics & Automation,Bachelors,"$66,500","$104,100",-
125,Building Construction (BC),Bachelors,"$63,600","$104,000",52%
126,Accounting & Computer Systems,Bachelors,"$60,200","$103,800",42%
126,Construction Science,Bachelors,"$64,000","$103,800",63%
128,Polymer Science & Engineering,Bachelors,"$69,200","$103,700",27%
129,Computing,Bachelors,"$59,800","$103,500",50%
129,Information Security & Assurance,Bachelors,"$60,600","$103,500",41%
129,Civil Engineering (CE),Bachelors,"$61,700","$103,500",65%
132,Mathematics,Bachelors,"$59,600","$103,400",45%
132,Government,Bachelors,"$52,200","$103,400",49%
134,Biochemistry & Molecular Biology,Bachelors,"$50,500","$103,300",70%
134,Information Technology Management,Bachelors,"$59,300","$103,300",48%
136,Finance & Real Estate,Bachelors,"$58,600","$103,200",45%
137,Construction Engineering,Bachelors,"$64,500","$103,100",57%
138,Business Logistics & Transportation,Bachelors,"$54,900","$102,900",48%
138,Construction Management,Bachelors,"$59,700","$102,900",58%
140,Aeronautical Science,Bachelors,"$55,300","$102,800",57%
141,Computer Management Information Systems (CMIS),Bachelors,"$54,300","$102,600",46%
142,Software Applications & Programming,Bachelors,"$56,400","$102,500",37%
143,Financial Economics,Bachelors,"$60,600","$102,300",44%
144,Marketing & International Business,Bachelors,"$49,700","$102,200",35%
145,Informatics,Bachelors,"$66,200","$101,900",41%
145,Medicine,Bachelors,"$75,500","$101,900",84%
147,Civil & Environmental Engineering,Bachelors,"$61,800","$101,800",67%
148,Atmospheric Science,Bachelors,"$47,300","$101,600",55%
149,Environmental Engineering,Bachelors,"$59,500","$101,300",64%
150,European Studies,Bachelors,"$45,200","$101,200",47%
150,Nuclear Engineering Technology (NET),Bachelors,"$78,200","$101,200",60%
152,Industrial Management,Bachelors,"$55,100","$101,000",55%
152,Information Systems (IS),Bachelors,"$59,900","$101,000",45%
154,Sales & Business Marketing,Bachelors,"$52,600","$100,800",49%
155,Business Computer Information Systems (BCIS),Bachelors,"$60,200","$100,700",36%
155,Organic Chemistry,Bachelors,"$46,000","$100,700",-
157,Business Operations,Bachelors,"$60,500","$100,600",-
158,Business Computer Science,Bachelors,"$50,200","$100,500",-
159,Business Finance,Bachelors,"$54,600","$100,300",43%
159,Safety Science,Bachelors,"$58,800","$100,300",-
161,Plastics Engineering Technology,Bachelors,"$63,800","$100,200",31%
162,Business Information Systems,Bachelors,"$61,700","$100,100",44%
163,International Management,Bachelors,"$49,300","$99,900",52%
164,Finance,Bachelors,"$56,800","$99,800",41%
165,Agricultural Economics,Bachelors,"$53,000","$99,700",59%
166,Economics & Political Science,Bachelors,"$54,200","$99,400",50%
166,Interactive Media,Bachelors,"$50,200","$99,400",32%
168,Computer Science & Information Technology,Bachelors,"$63,100","$99,100",49%
169,Agricultural Engineering (AE),Bachelors,"$60,400","$99,000",61%
169,Consumer Economics,Bachelors,"$51,200","$99,000",38%
171,International Business,Bachelors,"$52,100","$98,900",40%
172,Chinese Language,Bachelors,"$51,200","$98,700",47%
172,Financial Planning,Bachelors,"$50,400","$98,700",57%
174,Corporate Finance,Bachelors,"$61,000","$98,500",43%
175,Architectural Engineering,Bachelors,"$62,400","$98,400",58%
176,Building Construction Management,Bachelors,"$58,600","$98,000",59%
177,Engineering Technology (ET),Bachelors,"$55,300","$97,900",50%
177,Network Engineering,Bachelors,"$57,900","$97,900",46%
179,Computer Information Systems (CIS),Bachelors,"$56,900","$97,800",45%
179,International Marketing,Bachelors,"$56,200","$97,800",18%
179,Psychobiology,Bachelors,"$45,400","$97,800",64%
182,Electrical Engineering Technology (EET),Bachelors,"$63,100","$97,700",48%
182,Computer Information Systems,Bachelors,"$55,700","$97,700",43%
182,Real Estate,Bachelors,"$56,400","$97,700",38%
182,Molecular Biology,Bachelors,"$50,500","$97,700",70%
186,Operations Management (OM),Bachelors,"$58,000","$97,300",43%
187,Cybersecurity,Bachelors,"$63,000","$97,200",55%
187,Manufacturing,Bachelors,"$54,100","$97,200",56%
189,Construction Trades,Bachelors,"$56,300","$97,100",57%
190,International Relations,Bachelors,"$49,900","$96,800",49%
190,Politics,Bachelors,"$50,600","$96,800",53%
192,Economics & Management,Bachelors,"$52,700","$96,600",-
193,Industrial Hygiene,Bachelors,"$55,800","$96,200",55%
194,Software Development,Bachelors,"$61,000","$96,000",44%
194,Telecommunications Management,Bachelors,"$49,800","$96,000",46%
196,Supply Chain Management,Bachelors,"$59,000","$95,900",41%
197,Mechanical Engineering Technology (MET),Bachelors,"$61,200","$95,800",48%
198,Accounting & Auditing,Bachelors,"$55,400","$95,700",42%
198,Network Security,Bachelors,"$57,500","$95,700",47%
200,Entrepreneurship & Leadership,Bachelors,"$52,300","$95,600",46%
200,Geological Engineering,Bachelors,"$59,100","$95,600",57%
202,Product Design,Bachelors,"$58,600","$95,500",40%
203,Electronics,Bachelors,"$57,000","$95,400",61%
203,Food Marketing,Bachelors,"$54,500","$95,400",25%
203,Safety Management,Bachelors,"$57,400","$95,400",70%
206,German Studies,Bachelors,"$47,400","$95,300",43%
206,Industrial & Labor Relations,Bachelors,"$63,800","$95,300",51%
208,Agricultural Economics & Business,Bachelors,"$51,400","$95,200",55%
208,Aviation Management,Bachelors,"$48,400","$95,200",53%
210,Biochemistry (BCH),Bachelors,"$47,500","$95,100",60%
211,Computer Science (CS) & Business,Bachelors,"$60,800","$95,000",40%
211,Construction Science & Management,Bachelors,"$61,500","$95,000",68%
213,Accounting & Finance,Bachelors,"$55,800","$94,900",45%
213,Comparative Literature,Bachelors,"$44,600","$94,900",45%
213,International & Comparative Politics,Bachelors,"$46,100","$94,900",49%
216,East Asian Studies,Bachelors,"$46,900","$94,800",43%
217,Logistics & Supply Chain Management,Bachelors,"$56,200","$94,400",46%
217,Russian & Eastern European Studies,Bachelors,"$50,800","$94,400",-
219,Occupational Health and Safety,Bachelors,"$57,100","$94,300",68%
220,Aviation,Bachelors,"$50,000","$94,000",42%
220,Manufacturing Technology,Bachelors,"$57,100","$94,000",45%
222,Physical Therapy,Bachelors,"$53,500","$93,900",90%
222,Labor Relations,Bachelors,"$48,900","$93,900",39%
224,Government & International Politics (GVIP),Bachelors,"$49,800","$93,800",46%
224,Information Technology (IT),Bachelors,"$56,100","$93,800",45%
226,City & Regional Planning,Bachelors,"$49,700","$93,700",70%
226,Information Science (IS),Bachelors,"$62,600","$93,700",38%
228,Business & Marketing,Bachelors,"$47,800","$93,600",44%
229,Agribusiness,Bachelors,"$48,000","$93,400",53%
229,Management Studies,Bachelors,"$43,500","$93,400",73%
231,Industrial Design (ID),Bachelors,"$52,100","$93,100",41%
232,Chemistry,Bachelors,"$49,200","$93,000",55%
232,Information Technology (IT) & Systems,Bachelors,"$58,600","$93,000",47%
232,Environmental Health & Safety,Bachelors,"$54,500","$93,000",67%
235,Electronics Engineering Technology (EET),Bachelors,"$61,600","$92,900",53%
235,Organizational Behavior,Bachelors,"$54,000","$92,900",49%
237,Analytical Chemistry,Bachelors,"$54,800","$92,800",69%
237,Computer Engineering Technology (CET),Bachelors,"$60,100","$92,800",48%
237,Food Science & Technology,Bachelors,"$50,200","$92,800",49%
240,Project Management,Bachelors,"$54,100","$92,700",54%
241,Technical & Scientific Communication,Bachelors,"$48,900","$92,400",40%
242,Finance & Banking,Bachelors,"$52,600","$92,300",51%
243,Hotel Administration,Bachelors,"$61,500","$92,100",43%
243,Mechanical Design,Bachelors,"$57,700","$92,100",49%
245,Biomedical Sciences,Bachelors,"$41,200","$92,000",70%
246,International Trade & Business,Bachelors,"$52,300","$91,900",28%
247,Commerce Economics,Bachelors,"$51,200","$91,800",31%
248,Latin American Studies,Bachelors,"$44,300","$91,700",63%
248,Structural Design & Construction Engineering Technology,Bachelors,"$66,500","$91,700",46%
248,Civil Engineering Technology (CET),Bachelors,"$55,600","$91,700",62%
251,Government & Politics,Bachelors,"$50,000","$91,500",49%
252,Aviation Flight Science (AFL),Bachelors,"$49,900","$91,400",45%
252,Business & Finance,Bachelors,"$52,800","$91,400",49%
252,Marketing,Bachelors,"$49,200","$91,400",39%
255,Applied Statistics,Bachelors,"$62,000","$91,300",46%
255,Biopsychology,Bachelors,"$50,200","$91,300",73%
255,Industrial Technology (IT),Bachelors,"$57,800","$91,300",51%
255,Manufacturing Engineering Technology,Bachelors,"$61,500","$91,300",52%
259,Music Production & Engineering,Bachelors,"$42,100","$91,100",50%
259,Networks & Telecommunications,Bachelors,"$52,900","$91,100",57%
261,Chemistry & Environmental Science,Bachelors,"$46,000","$91,000",67%
261,Microbiology & Immunology,Bachelors,"$51,500","$91,000",68%
263,Accounts,Bachelors,"$57,000","$90,900",42%
263,Risk Management,Bachelors,"$59,600","$90,900",33%
265,Environmental Science & Policy,Bachelors,"$47,300","$90,700",60%
266,Dairy Science,Bachelors,"$49,500","$90,600",72%
266,Sales & Marketing,Bachelors,"$48,500","$90,600",44%
268,Welding Engineering Technology,Bachelors,"$72,000","$90,400",45%
269,Industrial Psychology,Bachelors,"$47,000","$90,200",49%
269,Marketing & Management,Bachelors,"$47,200","$90,200",44%
269,Transportation & Logistics Management,Bachelors,"$52,700","$90,200",47%
272,Marketing Management,Bachelors,"$48,300","$90,100",43%
272,Watershed Hydrology & Management,Bachelors,"$45,500","$90,100",49%
274,Electromechanical Engineering,Bachelors,"$67,100","$90,000",54%
274,Transportation,Bachelors,"$59,100","$90,000",50%
276,Advertising Design,Bachelors,"$49,300","$89,700",29%
276,Management & Finance,Bachelors,"$52,500","$89,700",53%
276,Risk Management & Insurance,Bachelors,"$56,300","$89,700",44%
279,Geology,Bachelors,"$48,200","$89,600",55%
280,Information Assurance,Bachelors,"$55,600","$89,500",58%
280,Political Science,Bachelors,"$47,900","$89,500",48%
282,Philosophy,Bachelors,"$48,700","$89,400",41%
282,Radiation Therapy,Bachelors,"$65,600","$89,400",91%
284,Cell Biology,Bachelors,"$48,200","$89,300",61%
284,French Literature,Bachelors,"$44,200","$89,300",50%
284,Web Design & Development,Bachelors,"$50,600","$89,300",46%
284,Meteorology,Bachelors,"$44,500","$89,300",60%
288,Biological Sciences,Bachelors,"$46,200","$89,200",65%
288,Occupational Therapy (OT),Bachelors,"$55,100","$89,200",90%
290,Environmental Policy Analysis & Planning,Bachelors,"$47,200","$89,100",62%
291,Entrepreneurial Studies,Bachelors,"$46,700","$88,900",35%
291,Financial Accounting,Bachelors,"$53,400","$88,900",51%
291,Political Science/Public Law,Bachelors,"$43,900","$88,900",61%
291,Quality Management,Bachelors,"$53,400","$88,900",64%
295,Aeronautics,Bachelors,"$59,100","$88,800",65%
295,Applied Computer Science,Bachelors,"$62,900","$88,800",48%
297,Accounting,Bachelors,"$51,700","$88,700",42%
297,Broadcasting Technology,Bachelors,"$40,000","$88,700",-
297,Food Science,Bachelors,"$49,900","$88,700",46%
297,Marketing & Communications,Bachelors,"$46,600","$88,700",43%
301,Urban Planning,Bachelors,"$48,100","$88,500",54%
301,Manufacturing Management,Bachelors,"$60,400","$88,500",49%
303,Insurance,Bachelors,"$53,000","$88,400",42%
304,Business Data Analysis,Bachelors,"$60,400","$88,300",38%
304,Environmental Design,Bachelors,"$45,400","$88,300",55%
306,Advertising,Bachelors,"$44,800","$88,200",33%
306,Cinema Studies,Bachelors,"$45,400","$88,200",32%
306,Financial Management,Bachelors,"$51,000","$88,200",51%
309,Advertising & Marketing Communications,Bachelors,"$46,000","$88,100",36%
309,Operations & Supply Chain Management,Bachelors,"$57,800","$88,100",44%
311,Computer Information Management,Bachelors,"$46,800","$88,000",62%
312,Global & International Studies,Bachelors,"$45,900","$87,800",49%
312,Computing & Information Systems (CIS),Bachelors,"$50,800","$87,800",42%
312,Architecture,Bachelors,"$48,300","$87,800",55%
315,Environmental & Natural Resource Economics,Bachelors,"$49,100","$87,600",60%
316,Labor Studies,Bachelors,"$44,100","$87,500",49%
317,Aviation Technology,Bachelors,"$52,600","$87,400",52%
317,Social Ecology,Bachelors,"$46,700","$87,400",60%
319,Classics,Bachelors,"$45,000","$87,300",39%
319,Marketing Communication,Bachelors,"$43,600","$87,300",40%
321,Geographic Information Systems (GIS) & Spatial Analysis,Bachelors,"$51,700","$87,200",56%
321,Organizational Psychology,Bachelors,"$48,300","$87,200",45%
323,European History,Bachelors,"$49,700","$87,100",50%
324,Urban & Regional Planning,Bachelors,"$47,500","$87,000",59%
325,Real Estate Development,Bachelors,"$54,400","$86,800",-
326,Applied Technology,Bachelors,"$52,900","$86,700",60%
326,Entomology,Bachelors,"$44,000","$86,700",-
328,Architectural Engineering Technology,Bachelors,"$49,900","$86,600",59%
328,Public Affairs,Bachelors,"$49,700","$86,600",53%
330,Entrepreneurship,Bachelors,"$51,400","$86,500",45%
331,Business Management & Marketing,Bachelors,"$45,800","$86,400",47%
332,Digital Arts,Bachelors,"$43,200","$86,300",32%
333,Industrial Safety,Bachelors,"$53,200","$86,200",78%
333,Logistics,Bachelors,"$54,800","$86,200",37%
335,Hotel Management,Bachelors,"$44,500","$86,100",44%
336,Cell & Molecular Biology,Bachelors,"$48,900","$86,000",66%
336,Global Business Management,Bachelors,"$53,200","$86,000",51%
338,Technical Management,Bachelors,"$57,800","$85,900",65%
338,Computer & Network Administration,Bachelors,"$54,100","$85,900",47%
340,Police Science,Bachelors,"$53,400","$85,800",-
340,Pre-law,Bachelors,"$44,700","$85,800",46%
342,Business Communication,Bachelors,"$47,600","$85,600",47%
342,Microbiology,Bachelors,"$46,200","$85,600",68%
342,Professional Aeronautics,Bachelors,"$57,700","$85,600",68%
345,Advertising & Promotion,Bachelors,"$42,400","$85,500",45%
346,Network Systems Administration,Bachelors,"$53,500","$85,400",50%
347,Construction Technology,Bachelors,"$55,500","$85,300",47%
348,Electronic & Computer Technology,Bachelors,"$61,300","$85,000",-
348,Marketing & Advertising,Bachelors,"$47,200","$85,000",53%
350,Electronic Systems Technology (EST),Bachelors,"$61,800","$84,900",-
351,International Studies,Bachelors,"$47,500","$84,800",51%
352,Construction Engineering Technology,Bachelors,"$53,000","$84,700",57%
353,Applied Science,Bachelors,"$44,100","$84,600",56%
354,Accounting Information Systems,Bachelors,"$60,000","$84,500",51%
354,Environmental Health,Bachelors,"$48,100","$84,500",72%
354,Technology,Bachelors,"$53,400","$84,500",64%
357,Biosystems Engineering,Bachelors,"$62,000","$84,200",75%
358,Fashion Design,Bachelors,"$44,800","$84,100",26%
359,Agribusiness Management,Bachelors,"$47,600","$84,000",46%
359,German Language,Bachelors,"$48,200","$84,000",41%
361,Professional Pilot Education,Bachelors,"$59,800","$83,900",-
361,Textile Technology,Bachelors,"$51,500","$83,900",31%
363,Manufacturing Systems,Bachelors,"$71,700","$83,600",-
364,Diagnostic Medical Ultrasound,Bachelors,"$60,800","$83,500",70%
364,Marketing & Mass Communications,Bachelors,"$41,800","$83,500",40%
366,General Business,Bachelors,"$47,600","$83,400",52%
366,Computer Graphics Technology (CGT),Bachelors,"$46,800","$83,400",40%
368,Agricultural Systems Technology,Bachelors,"$54,000","$83,300",58%
368,Health Care,Bachelors,"$41,700","$83,300",71%
368,Hospital Administration,Bachelors,"$49,600","$83,300",53%
368,Personal Financial Planning,Bachelors,"$51,200","$83,300",59%
372,Business Technology Management,Bachelors,"$52,900","$83,200",48%
373,Health Policy & Administration,Bachelors,"$48,300","$83,100",65%
374,Math & Science,Bachelors,"$54,400","$82,900",62%
375,Architectural Design,Bachelors,"$46,000","$82,800",59%
375,Environmental Science,Bachelors,"$46,500","$82,800",60%
377,Advertising & Marketing,Bachelors,"$46,300","$82,700",38%
377,Animation,Bachelors,"$43,100","$82,700",36%
379,General Science,Bachelors,"$46,900","$82,600",62%
380,Biology & Chemistry,Bachelors,"$46,700","$82,500",66%
381,American Studies,Bachelors,"$49,000","$82,400",50%
381,Product Design Engineering,Bachelors,"$61,500","$82,400",39%
383,Aviation Maintenance Technology,Bachelors,"$49,800","$82,300",58%
383,Film Studies,Bachelors,"$42,500","$82,300",40%
383,Magazine Journalism,Bachelors,"$44,500","$82,300",26%
386,Web & Digital Media Development,Bachelors,"$48,400","$82,200",34%
387,Digital Media Design,Bachelors,"$45,200","$82,000",36%
387,English Literature,Bachelors,"$45,400","$82,000",45%
387,History & Politics,Bachelors,"$47,200","$82,000",49%
387,Human Biology,Bachelors,"$48,400","$82,000",68%
391,Business Management & Human Resources Management (HRM),Bachelors,"$44,700","$81,900",58%
391,Architectural Technology,Bachelors,"$44,700","$81,900",56%
391,Design,Bachelors,"$49,400","$81,900",41%
391,Philosophy & Religion,Bachelors,"$41,800","$81,900",55%
391,Physiology,Bachelors,"$46,900","$81,900",62%
396,Business Administration,Bachelors,"$49,700","$81,700",50%
396,French Studies,Bachelors,"$49,500","$81,700",53%
396,Land Surveying,Bachelors,"$48,700","$81,700",56%
399,Management,Bachelors,"$49,000","$81,600",48%
400,Geographic Information Systems (GIS),Bachelors,"$47,100","$81,500",53%
400,Interactive Media Design,Bachelors,"$51,800","$81,500",40%
402,Architectural Studies,Bachelors,"$43,100","$81,400",42%
403,Business Administration & Accounting,Bachelors,"$50,300","$81,300",53%
403,Industrial Arts,Bachelors,"$46,500","$81,300",65%
405,Textile Design,Bachelors,"$47,400","$81,200",40%
406,Textile & Apparel Studies,Bachelors,"$43,800","$81,100",28%
407,Accounting & Management,Bachelors,"$49,700","$81,000",53%
408,Nursing Science,Bachelors,"$63,700","$80,900",84%
409,Business Management,Bachelors,"$48,800","$80,800",50%
409,Linguistics,Bachelors,"$49,300","$80,800",45%
411,Agronomy,Bachelors,"$49,100","$80,700",64%
411,Corporate Communications,Bachelors,"$45,300","$80,700",41%
411,Neuroscience,Bachelors,"$47,800","$80,700",59%
414,Communication Studies & Journalism,Bachelors,"$42,500","$80,600",49%
415,Sociology & Organizational Studies,Bachelors,"$48,200","$80,500",54%
416,Nursing,Bachelors,"$61,700","$80,400",84%
417,Toxicology,Bachelors,"$43,800","$80,300",-
417,History,Bachelors,"$45,300","$80,300",46%
417,Agricultural Science,Bachelors,"$46,900","$80,300",57%
420,Biology,Bachelors,"$44,500","$80,200",65%
420,Crop Science,Bachelors,"$45,200","$80,200",67%
420,French Language,Bachelors,"$46,600","$80,200",48%
423,Environmental Studies,Bachelors,"$45,900","$80,100",59%
423,Management (MGT),Bachelors,"$44,800","$80,100",57%
425,Communication,Bachelors,"$45,300","$79,900",45%
426,General & Strategic Management,Bachelors,"$48,900","$79,800",53%
426,Merchandising Management,Bachelors,"$44,200","$79,800",35%
428,Dental Hygiene,Bachelors,"$70,400","$79,600",79%
428,Hydrology,Bachelors,"$45,300","$79,600",-
430,Global Business,Bachelors,"$53,200","$79,500",37%
430,Retail & Consumer Science,Bachelors,"$48,500","$79,500",34%
430,Literature,Bachelors,"$44,400","$79,500",44%
433,Emergency Management,Bachelors,"$49,600","$79,400",78%
433,Interpersonal & Organizational Communication,Bachelors,"$40,300","$79,400",56%
433,Nuclear Medicine,Bachelors,"$57,800","$79,400",84%
436,History & Political Science,Bachelors,"$48,400","$79,300",51%
437,Retail Merchandising,Bachelors,"$48,000","$79,200",33%
438,Agriculture,Bachelors,"$45,300","$79,100",61%
438,Environmental Management,Bachelors,"$47,300","$79,100",61%
438,Professional & Technical Writing,Bachelors,"$46,000","$79,100",46%
441,International Development Studies,Bachelors,"$45,500","$79,000",64%
441,Workforce Education & Development,Bachelors,"$57,100","$79,000",74%
441,Journalism & Mass Communication,Bachelors,"$43,700","$79,000",45%
444,Pre-Medicine,Bachelors,"$48,400","$78,900",65%
445,Bachelor in Science Nursing,Bachelors,"$61,000","$78,800",81%
445,Network Technology,Bachelors,"$54,900","$78,800",57%
447,Theatre & Drama Studies,Bachelors,"$41,500","$78,600",49%
448,Law,Bachelors,"$51,900","$78,500",51%
449,Law Enforcement,Bachelors,"$43,800","$78,400",57%
449,Printing Technology,Bachelors,"$43,800","$78,400",-
449,Public Relations & Communication,Bachelors,"$43,600","$78,400",46%
452,Foreign Languages,Bachelors,"$47,800","$78,300",57%
452,Interior Architecture,Bachelors,"$45,100","$78,300",47%
452,Marine Science,Bachelors,"$44,000","$78,300",58%
452,Public Management,Bachelors,"$47,800","$78,300",60%
452,Web Development,Bachelors,"$54,100","$78,300",53%
457,Journalism,Bachelors,"$43,500","$78,200",45%
457,Landscape Architecture,Bachelors,"$49,000","$78,200",67%
457,Environmental Geography,Bachelors,"$47,100","$78,200",52%
460,Bachelor of Science in Nursing,Bachelors,"$60,700","$78,100",83%
461,Digital Media,Bachelors,"$44,500","$78,000",39%
461,Welding Technology,Bachelors,"$46,100","$78,000",-
463,Nutrition Science,Bachelors,"$45,900","$77,800",67%
464,Accounting & Business,Bachelors,"$49,400","$77,600",49%
464,Diagnostic Medical Sonography,Bachelors,"$62,200","$77,600",85%
466,American History (United States),Bachelors,"$47,800","$77,500",55%
466,Strategic Communication,Bachelors,"$44,600","$77,500",42%
468,Public Relations (PR),Bachelors,"$43,000","$77,400",43%
469,Natural Sciences,Bachelors,"$41,700","$77,300",51%
470,International Affairs,Bachelors,"$49,100","$77,200",53%
470,Drama,Bachelors,"$43,900","$77,200",46%
470,Network Administration,Bachelors,"$46,900","$77,200",55%
473,Media Studies,Bachelors,"$48,300","$77,100",36%
474,Organizational Development,Bachelors,"$51,600","$77,000",52%
474,Writing,Bachelors,"$41,800","$77,000",43%
476,Integrated Marketing Communications,Bachelors,"$44,600","$76,900",34%
477,Crisis & Emergency Management,Bachelors,"$46,600","$76,800",77%
477,Organizational Communication,Bachelors,"$44,000","$76,800",49%
477,Retailing,Bachelors,"$48,900","$76,800",27%
477,Speech Communication,Bachelors,"$43,900","$76,800",55%
481,Allied Health,Bachelors,"$41,800","$76,700",79%
481,Environmental Biology,Bachelors,"$43,000","$76,700",66%
481,Nuclear Medicine Technology,Bachelors,"$58,900","$76,700",81%
484,Apparel & Textile Manufacture,Bachelors,"$45,700","$76,600",36%
485,Technology Management,Bachelors,"$53,900","$76,500",45%
486,Film Production,Bachelors,"$42,700","$76,400",32%
486,Security Management,Bachelors,"$44,800","$76,400",-
488,Acting,Bachelors,"$42,200","$76,200",48%
488,Broadcast & Cinematic Arts,Bachelors,"$41,900","$76,200",41%
488,Business Management & Administration,Bachelors,"$48,600","$76,200",53%
488,Marine Biology,Bachelors,"$40,800","$76,200",61%
488,Professional Studies,Bachelors,"$42,100","$76,200",64%
488,Romance Languages,Bachelors,"$50,300","$76,200",54%
494,Computer Animation,Bachelors,"$44,500","$76,100",31%
495,Cytotechnology,Bachelors,"$58,100","$76,000",90%
495,Broadcast Journalism,Bachelors,"$41,100","$76,000",49%
495,Geography,Bachelors,"$46,900","$76,000",52%
498,Journalism & Electronic Media,Bachelors,"$42,100","$75,900",50%
499,Automotive Technology,Bachelors,"$45,800","$75,800",46%
499,Interpersonal Communications,Bachelors,"$43,100","$75,800",48%
501,Law & Society,Bachelors,"$44,400","$75,700",50%
502,Agricultural Business,Bachelors,"$50,300","$75,600",50%
502,Ancient History,Bachelors,"$43,900","$75,600",-
504,Computer Aided Design (CAD),Bachelors,"$46,500","$75,500",-
504,Computer Art,Bachelors,"$41,200","$75,500",30%
506,Administration,Bachelors,"$43,100","$75,400",56%
506,Forestry,Bachelors,"$44,700","$75,400",66%
508,Urban Studies,Bachelors,"$48,600","$75,300",56%
509,Business Law,Bachelors,"$51,100","$75,100",44%
510,Radio/Television & Film Production,Bachelors,"$42,800","$75,000",39%
511,Digital Design,Bachelors,"$48,200","$74,800",38%
511,Forensic Science,Bachelors,"$43,800","$74,800",62%
511,Geosciences,Bachelors,"$46,600","$74,800",63%
511,Logistics Management,Bachelors,"$52,800","$74,800",47%
515,Ecology,Bachelors,"$43,500","$74,700",53%
515,English & History,Bachelors,"$43,600","$74,700",48%
515,English Language & Literature,Bachelors,"$43,900","$74,700",44%
518,American Sign Language Interpreting,Bachelors,"$42,500","$74,600",85%
518,Homeland Security,Bachelors,"$46,800","$74,600",71%
518,Zoology,Bachelors,"$40,300","$74,600",67%
521,English Language,Bachelors,"$42,100","$74,500",47%
522,Human Resources Management (HRM),Bachelors,"$45,300","$74,400",55%
523,Technical Writing,Bachelors,"$52,000","$74,300",45%
523,Automotive Technology & Service Management,Bachelors,"$45,400","$74,300",36%
525,Business Technology,Bachelors,"$49,800","$74,100",45%
525,Mass Communication,Bachelors,"$42,700","$74,100",44%
527,Health Sciences,Bachelors,"$42,400","$74,000",70%
527,Organizational Leadership,Bachelors,"$47,400","$74,000",56%
529,Musicology,Bachelors,"$38,100","$73,900",-
530,Spanish Language,Bachelors,"$44,900","$73,600",53%
531,Historic Preservation,Bachelors,"$41,300","$73,500",52%
531,Music Technology,Bachelors,"$42,900","$73,500",38%
531,Organizational Leadership & Supervision,Bachelors,"$46,400","$73,500",50%
534,Human Nutrition,Bachelors,"$45,500","$73,400",84%
534,Spanish Language Teacher Education,Bachelors,"$43,900","$73,400",-
536,Botany,Bachelors,"$40,300","$73,300",72%
537,Apparel Merchandising,Bachelors,"$45,400","$73,200",35%
538,Environmental Health Science,Bachelors,"$51,400","$73,100",64%
538,Media & Technology,Bachelors,"$41,400","$73,100",48%
538,Public Administration,Bachelors,"$44,200","$73,100",58%
541,Liberal Arts,Bachelors,"$42,500","$73,000",53%
541,Merchandising,Bachelors,"$50,500","$73,000",30%
543,Environmental Resource Management,Bachelors,"$45,700","$72,900",62%
544,Computer Aided Drafting & Design (CADD),Bachelors,"$46,800","$72,800",54%
544,Forestry Management,Bachelors,"$44,300","$72,800",73%
546,German Language & Literature,Bachelors,"$46,100","$72,700",48%
546,Electronics & Computer Technology,Bachelors,"$51,700","$72,700",-
548,Administrative Management,Bachelors,"$50,100","$72,600",50%
548,Cardiopulmonary Science,Bachelors,"$45,800","$72,600",89%
550,3D Animation,Bachelors,"$49,400","$72,500",44%
551,Ethnic Studies,Bachelors,"$44,900","$72,300",62%
552,Adult Education & Training,Bachelors,"$46,200","$72,200",79%
552,Health Administration,Bachelors,"$40,700","$72,200",69%
554,Agricultural Communication,Bachelors,"$42,600","$72,100",51%
554,Organizational Management,Bachelors,"$46,900","$72,100",57%
556,Multimedia,Bachelors,"$42,800","$72,000",42%
557,Communication Design,Bachelors,"$48,700","$71,900",34%
558,Radiologic Science,Bachelors,"$54,900","$71,800",81%
559,Exercise Physiology,Bachelors,"$41,600","$71,700",78%
560,Criminal Justice Administration,Bachelors,"$43,700","$71,600",55%
561,Natural Resource Management,Bachelors,"$43,800","$71,500",60%
562,Diagnostic Medical Imaging,Bachelors,"$57,900","$71,400",74%
562,Earth Science,Bachelors,"$48,200","$71,400",50%
562,Hotel & Restaurant Management,Bachelors,"$44,600","$71,400",48%
565,Radiology,Bachelors,"$51,600","$71,300",84%
566,Art History,Bachelors,"$44,400","$71,200",46%
566,Hospital Management,Bachelors,"$48,500","$71,200",34%
566,Retail Management,Bachelors,"$45,700","$71,200",37%
569,English & Psychology,Bachelors,"$41,100","$71,100",47%
569,Human Resources (HR),Bachelors,"$44,800","$71,100",54%
569,Management & Organization,Bachelors,"$53,900","$71,100",68%
569,Painting & Printmaking,Bachelors,"$32,800","$71,100",41%
569,Visual Effects & Motion Graphics,Bachelors,"$47,400","$71,100",43%
574,Medical Laboratory Technology,Bachelors,"$54,100","$71,000",82%
574,Fashion Merchandising,Bachelors,"$44,100","$71,000",30%
576,Multimedia & Web Design,Bachelors,"$47,500","$70,900",34%
577,Advertising & Graphic Design,Bachelors,"$44,600","$70,800",37%
577,Anthropology,Bachelors,"$43,500","$70,800",46%
577,Broadcast Communication,Bachelors,"$37,900","$70,800",48%
577,Communication Management,Bachelors,"$42,500","$70,800",37%
577,Health Care Administration,Bachelors,"$43,600","$70,800",70%
582,Natural Resources,Bachelors,"$44,900","$70,700",66%
582,Psychology,Bachelors,"$42,000","$70,700",56%
582,Visual Communications,Bachelors,"$43,000","$70,700",37%
585,Applied Behavior Analysis,Bachelors,"$36,900","$70,600",-
585,Travel Industry Management,Bachelors,"$51,800","$70,600",-
587,Humanities,Bachelors,"$43,800","$70,500",48%
587,Sociology & Anthropology,Bachelors,"$41,900","$70,500",48%
587,Communication Arts,Bachelors,"$40,400","$70,500",41%
590,Creative Writing,Bachelors,"$42,800","$70,400",43%
591,Anthropology & English,Bachelors,"$44,900","$70,300",58%
591,Modern Languages,Bachelors,"$48,600","$70,300",52%
593,Health Care Management,Bachelors,"$44,000","$70,200",71%
593,Health Teacher Education,Bachelors,"$35,500","$70,200",52%
593,Radiologic Technology,Bachelors,"$52,100","$70,200",82%
596,Health & Fitness,Bachelors,"$38,000","$70,100",67%
597,Animal Science & Management,Bachelors,"$42,100","$70,000",54%
597,Criminology,Bachelors,"$42,400","$70,000",54%
597,Hospitality Management,Bachelors,"$43,600","$70,000",43%
597,Art Administration,Bachelors,"$36,800","$70,000",58%
597,Human Relations,Bachelors,"$41,100","$70,000",62%
602,Health Information Management,Bachelors,"$46,200","$69,900",69%
602,Medical Laboratory Science,Bachelors,"$53,000","$69,900",84%
604,Liberal Studies,Bachelors,"$42,300","$69,800",57%
604,Secondary & Middle School Mathematics Teacher Education,Bachelors,"$43,100","$69,800",71%
606,Fashion Design & Marketing,Bachelors,"$42,200","$69,700",39%
607,Art & Design,Bachelors,"$42,400","$69,600",39%
607,Physical Anthropology,Bachelors,"$49,300","$69,600",39%
607,Sports Management,Bachelors,"$42,900","$69,600",43%
610,Life Sciences,Bachelors,"$51,900","$69,400",59%
611,Respiratory Care,Bachelors,"$52,300","$69,200",84%
612,Audio Engineering,Bachelors,"$45,900","$69,100",37%
612,Social & Criminal Justice,Bachelors,"$42,300","$69,100",58%
614,Child Psychology,Bachelors,"$37,100","$68,900",64%
614,Interior Design,Bachelors,"$42,400","$68,900",50%
614,Small Business Management,Bachelors,"$43,900","$68,900",40%
614,Turfgrass Management,Bachelors,"$47,700","$68,900",49%
618,Medical Technology,Bachelors,"$53,300","$68,800",80%
618,Religious Studies,Bachelors,"$41,000","$68,800",57%
620,Hotel & Restaurant Tourism,Bachelors,"$42,500","$68,700",46%
621,Sociology,Bachelors,"$43,700","$68,600",54%
622,Arts & Science,Bachelors,"$43,900","$68,500",68%
622,Secondary Education,Bachelors,"$42,700","$68,500",62%
622,Speech Pathology & Audiology,Bachelors,"$41,500","$68,500",77%
625,Theater,Bachelors,"$42,400","$68,400",48%
626,Archaeology,Bachelors,"$43,900","$68,300",45%
626,Illustration,Bachelors,"$42,900","$68,300",36%
626,Radiography,Bachelors,"$52,700","$68,300",82%
629,Media Arts,Bachelors,"$44,000","$68,200",39%
630,Clinical Laboratory Science,Bachelors,"$52,400","$68,100",83%
630,Graphics Technology & Management,Bachelors,"$38,800","$68,100",36%
630,Psychology & Social Behavior,Bachelors,"$44,100","$68,100",56%
633,Health Management,Bachelors,"$42,000","$68,000",68%
633,Media Communication,Bachelors,"$44,300","$68,000",42%
635,Mass Media,Bachelors,"$38,100","$67,900",46%
635,Nutrition,Bachelors,"$45,100","$67,900",68%
637,Performing Arts,Bachelors,"$42,900","$67,800",52%
638,SocialStudies,Bachelors,"$43,700","$67,700",57%
639,Italian Language,Bachelors,"$47,800","$67,600",40%
640,Social Studies,Bachelors,"$44,100","$67,500",61%
641,Commercial Photography,Bachelors,"$42,000","$67,300",23%
642,Radio & Television,Bachelors,"$40,800","$67,200",40%
642,Respiratory Therapy,Bachelors,"$52,300","$67,200",82%
644,Art Therapy,Bachelors,"$39,200","$67,100",81%
644,Biological Anthropology,Bachelors,"$41,900","$67,100",44%
646,Drafting & Design,Bachelors,"$48,900","$66,800",59%
646,Geomatics,Bachelors,"$49,000","$66,800",65%
648,Clinical Nutrition,Bachelors,"$47,600","$66,700",73%
648,Horticulture & Agronomy,Bachelors,"$46,400","$66,700",58%
650,Graphic Communication,Bachelors,"$44,700","$66,600",29%
650,Plant Sciences,Bachelors,"$45,800","$66,600",60%
650,Kinesiology,Bachelors,"$42,100","$66,600",66%
650,Fire Science,Bachelors,"$47,200","$66,600",71%
654,Fashion Marketing & Management,Bachelors,"$45,200","$66,500",30%
654,Music,Bachelors,"$41,800","$66,500",54%
654,Nutrition & Dietetics,Bachelors,"$48,500","$66,500",72%
657,Health,Bachelors,"$41,900","$66,400",73%
657,Legal Studies,Bachelors,"$44,400","$66,400",49%
659,Criminal Justice,Bachelors,"$40,600","$66,300",56%
659,Wildlife & Fisheries Science,Bachelors,"$38,300","$66,300",59%
661,Forensic Psychology,Bachelors,"$40,800","$66,200",52%
662,Graphic Design,Bachelors,"$42,600","$65,800",37%
663,Dramatic Art,Bachelors,"$38,900","$65,700",-
664,Hospitality & Tourism,Bachelors,"$41,500","$65,600",41%
664,Religion,Bachelors,"$41,100","$65,600",62%
664,Pre-Veterinary Medicine,Bachelors,"$37,600","$65,600",72%
667,Sports Medicine,Bachelors,"$45,700","$65,400",74%
667,Women's Studies,Bachelors,"$42,700","$65,400",59%
669,Fine Arts,Bachelors,"$40,400","$65,300",45%
669,Public Health (PH),Bachelors,"$43,400","$65,300",70%
671,Modern Language Spanish,Bachelors,"$41,100","$65,200",51%
671,Museum Studies,Bachelors,"$37,600","$65,200",47%
673,Business Leadership,Bachelors,"$47,700","$65,100",46%
673,Dietetics,Bachelors,"$48,700","$65,100",75%
673,Forensic Accounting,Bachelors,"$44,200","$65,100",39%
673,Landscape Management,Bachelors,"$49,300","$65,100",-
673,Speech-Language Pathology,Bachelors,"$41,700","$65,100",70%
678,Animal Science,Bachelors,"$39,000","$64,900",64%
678,Family & Consumer Science,Bachelors,"$40,500","$64,900",57%
680,Drawing & Painting,Bachelors,"$40,600","$64,500",48%
680,Music Industry,Bachelors,"$44,400","$64,500",38%
680,Technical Theatre,Bachelors,"$39,100","$64,500",41%
683,Foods & Nutrition,Bachelors,"$45,000","$64,400",70%
683,Physical Therapist Assistant Studies,Bachelors,"$49,100","$64,400",85%
683,Recreation Management,Bachelors,"$40,300","$64,400",58%
686,Interdisciplinary Studies (IS),Bachelors,"$42,200","$64,200",56%
687,Education,Bachelors,"$41,800","$64,100",67%
688,Applied Linguistics,Bachelors,"$44,100","$64,000",40%
689,Applied Sociology,Bachelors,"$40,100","$63,800",57%
689,Business & Healthcare Management,Bachelors,"$44,700","$63,800",67%
691,Music Composition,Bachelors,"$42,300","$63,700",51%
691,Physical Education & Exercise Science,Bachelors,"$41,000","$63,700",78%
693,Behavioral Science,Bachelors,"$40,400","$63,500",61%
694,Psychology & Sociology,Bachelors,"$40,600","$63,400",52%
695,General Studies,Bachelors,"$41,200","$63,300",53%
696,Culinary Arts & Culinary Management,Bachelors,"$36,100","$63,200",51%
696,Theatre Arts,Bachelors,"$40,900","$63,200",49%
698,Technology Teacher Education,Bachelors,"$46,400","$63,100",47%
699,Art,Bachelors,"$40,600","$63,000",46%
699,Textiles & Clothing,Bachelors,"$42,900","$63,000",46%
701,Video Production,Bachelors,"$42,800","$62,800",38%
702,Training and Development,Bachelors,"$50,200","$62,500",-
703,Theology,Bachelors,"$39,300","$62,300",69%
703,Restaurant & Food Service Management,Bachelors,"$41,500","$62,300",45%
705,Missions,Bachelors,"$41,400","$62,200",-
706,Event Management,Bachelors,"$39,500","$62,100",42%
707,Clinical Psychology,Bachelors,"$40,900","$62,000",66%
707,Developmental Psychology,Bachelors,"$31,000","$62,000",-
707,Physical Education Teaching,Bachelors,"$39,600","$62,000",71%
707,Theatre,Bachelors,"$39,700","$62,000",48%
711,Sports Administration,Bachelors,"$41,200","$61,900",53%
712,Drawing,Bachelors,"$36,400","$61,800",35%
712,Health & Exercise Science,Bachelors,"$40,100","$61,800",67%
714,Agricultural Teacher Education,Bachelors,"$51,000","$61,700",53%
715,Graphic Arts,Bachelors,"$41,100","$61,600",39%
715,New Media,Bachelors,"$44,700","$61,600",32%
717,Health Services Administration,Bachelors,"$40,800","$61,500",64%
718,Interior Design & Merchandising,Bachelors,"$40,800","$61,400",38%
719,Exercise Science,Bachelors,"$38,900","$61,300",73%
720,Electronic Media,Bachelors,"$43,700","$61,200",38%
720,Exercise & Sports Science,Bachelors,"$40,400","$61,200",70%
720,Psychiatry,Bachelors,"$54,700","$61,200",-
720,Supervision & Management,Bachelors,"$39,400","$61,200",57%
724,African American & African Studies,Bachelors,"$43,600","$61,100",61%
725,Culture Studies,Bachelors,"$44,800","$61,000",41%
725,Printmaking,Bachelors,"$36,800","$61,000",41%
725,Secondary English Teacher Education,Bachelors,"$40,000","$61,000",67%
728,Community Health Education,Bachelors,"$40,200","$60,900",75%
728,Culinary Arts,Bachelors,"$36,700","$60,900",46%
730,Wildlife Management,Bachelors,"$37,800","$60,800",49%
730,Psychology & Philosophy,Bachelors,"$45,400","$60,800",40%
732,Mortuary Science,Bachelors,"$40,600","$60,700",81%
733,Paralegal Studies,Bachelors,"$37,700","$60,600",51%
734,Health Studies,Bachelors,"$40,600","$60,500",65%
734,Social Psychology,Bachelors,"$44,400","$60,500",55%
736,Health Services Management,Bachelors,"$39,300","$60,400",83%
737,Emergency Medical Services (EMS),Bachelors,"$41,600","$60,300",-
737,Recording Arts,Bachelors,"$40,500","$60,300",44%
739,English Teacher Education,Bachelors,"$41,300","$60,200",56%
739,Social Science Teacher Education,Bachelors,"$42,100","$60,200",-
739,Social Studies Teacher Education,Bachelors,"$42,400","$60,200",65%
742,Music Teacher Education,Bachelors,"$39,100","$60,000",66%
742,Photography,Bachelors,"$41,500","$60,000",38%
744,Teaching English as a Second Language (ESL),Bachelors,"$41,600","$59,900",75%
744,Health & Physical Education Teaching,Bachelors,"$37,000","$59,900",64%
746,Human Development,Bachelors,"$40,700","$59,700",65%
746,Painting,Bachelors,"$38,700","$59,700",44%
746,Radio Broadcasting,Bachelors,"$43,200","$59,700",-
746,Recreational Studies,Bachelors,"$40,500","$59,700",68%
750,Speech Pathology,Bachelors,"$40,500","$59,500",70%
751,Recreation Administration,Bachelors,"$45,000","$59,400",70%
752,Dance,Bachelors,"$42,600","$59,200",61%
753,Recreation & Leisure Studies,Bachelors,"$38,800","$59,100",63%
754,Arts Management,Bachelors,"$37,400","$59,000",44%
754,University Studies,Bachelors,"$40,000","$59,000",51%
754,Photojournalism,Bachelors,"$39,700","$59,000",66%
757,Organizational Administration,Bachelors,"$42,900","$58,900",-
758,Health & Medical Services Administration,Bachelors,"$37,900","$58,800",83%
758,Tourism Management,Bachelors,"$40,600","$58,800",38%
758,Communicative Disorders,Bachelors,"$45,200","$58,800",73%
761,Sculpture,Bachelors,"$38,400","$58,700",44%
762,Consumer Affairs,Bachelors,"$49,200","$58,600",48%
762,Social Services,Bachelors,"$38,000","$58,600",80%
764,Community Health,Bachelors,"$42,900","$58,500",69%
764,Justice Studies,Bachelors,"$43,300","$58,500",50%
764,Landscape Design,Bachelors,"$48,900","$58,500",65%
767,Horticulture,Bachelors,"$41,300","$57,800",60%
767,Wildlife Biology,Bachelors,"$41,000","$57,800",59%
769,Gender Studies,Bachelors,"$43,100","$57,700",55%
770,Nonprofit Management,Bachelors,"$40,400","$57,200",77%
771,Athletic Training,Bachelors,"$39,700","$57,000",76%
772,Human Development & Family Studies,Bachelors,"$38,300","$56,800",66%
773,Biblical Studies,Bachelors,"$38,700","$56,700",73%
773,Health Promotion,Bachelors,"$40,000","$56,700",69%
775,Home Economics,Bachelors,"$38,200","$56,500",65%
775,Theatre Studies,Bachelors,"$43,100","$56,500",51%
777,Teaching,Bachelors,"$39,600","$56,400",72%
778,Counseling Psychology,Bachelors,"$39,200","$56,200",65%
778,Health & Human Performance,Bachelors,"$36,200","$56,200",69%
780,Library & Information Science,Bachelors,"$44,700","$56,000",54%
781,Art Teacher Education,Bachelors,"$37,500","$55,900",62%
781,Hospitality & The Culinary Arts,Bachelors,"$37,400","$55,900",-
781,Musical Theatre,Bachelors,"$41,800","$55,900",46%
784,Clinical Social Work (CSW),Bachelors,"$41,700","$55,800",-
785,Biblical Studies & Practical Ministries,Bachelors,"$35,100","$55,700",78%
785,Rehabilitation Services,Bachelors,"$34,100","$55,700",79%
787,Parks & Recreation Management,Bachelors,"$40,600","$55,600",57%
787,Pastoral Ministry,Bachelors,"$37,300","$55,600",84%
789,Legal Assistant Studies,Bachelors,"$36,400","$55,500",39%
790,Applied Management,Bachelors,"$43,600","$55,400",-
791,Social Welfare,Bachelors,"$44,900","$55,300",71%
791,Tourism & Travel,Bachelors,"$40,600","$55,300",40%
791,Vocal Performance,Bachelors,"$38,900","$55,300",65%
794,Audio Production,Bachelors,"$43,700","$54,700",37%
794,Bible Studies & Theology,Bachelors,"$38,100","$54,700",66%
796,Church Ministries,Bachelors,"$38,100","$54,600",82%
797,Family Studies,Bachelors,"$35,900","$54,500",71%
797,Special Education,Bachelors,"$39,200","$54,500",78%
799,Ceramics,Bachelors,"$39,900","$54,400",48%
799,Communication Sciences & Disorders,Bachelors,"$40,900","$54,400",76%
799,Family & Community Services,Bachelors,"$38,500","$54,400",74%
802,Speech & Hearing,Bachelors,"$41,400","$54,300",79%
803,Community Development,Bachelors,"$42,100","$53,900",65%
804,Health and Human Services,Bachelors,"$41,500","$53,700",66%
805,Office Management,Bachelors,"$37,800","$53,400",50%
806,Psychology & Human Services,Bachelors,"$35,000","$53,300",78%
807,History Teacher Education,Bachelors,"$45,400","$53,000",45%
808,Youth Ministry,Bachelors,"$35,300","$52,300",82%
808,Therapeutic Recreation,Bachelors,"$37,700","$52,300",82%
810,Community & Human Services,Bachelors,"$40,500","$52,100",78%
811,Christian Ministry,Bachelors,"$35,500","$52,000",80%
812,Elementary Education,Bachelors,"$37,700","$51,600",71%
812,Social Work (SW),Bachelors,"$36,600","$51,600",77%
814,Office Administration,Bachelors,"$38,200","$51,200",61%
815,Voice & Opera,Bachelors,"$32,900","$50,800",61%
816,Elementary Teaching,Bachelors,"$34,400","$50,700",76%
816,Human Services (HS),Bachelors,"$36,600","$50,700",70%
818,Baking & Pastry Arts,Bachelors,"$36,000","$50,600",47%
819,Human Services Management,Bachelors,"$43,500","$50,500",-
820,Counseling,Bachelors,"$37,100","$49,300",78%
821,Recreational Therapy,Bachelors,"$36,400","$49,200",82%
822,Child Development,Bachelors,"$35,500","$49,100",76%
823,Middle School Education,Bachelors,"$39,000","$48,300",73%
824,Educational Psychology,Bachelors,"$34,600","$47,600",-
825,Early Childhood & Elementary Education,Bachelors,"$36,200","$46,500",78%
826,Rehabilitation Counseling,Bachelors,"$38,000","$46,100",-
827,Addiction Studies,Bachelors,"$36,300","$44,800",83%
828,Outdoor Education,Bachelors,"$35,800","$44,200",57%
829,Child & Family Studies,Bachelors,"$34,100","$43,600",74%
830,Early Childhood Education,Bachelors,"$34,100","$43,300",78%
831,Mental Health,Bachelors,"$35,200","$42,500",-
832,Medical Assisting,Bachelors,"$35,100","$42,300",-
833,Addictions Counseling,Bachelors,"$38,800","$42,200",-
834,Metalsmithing,Bachelors,"$38,300","$38,400",32%
